Location Code,Location,Population,House Prices,A_CaffeNero,A_Costa,A_Esquires,A_Greggs,A_MuffinBreak,A_PretAManger,A_Starbucks,C_CaffeNero,C_Costa,C_Esquires,C_Greggs,C_MuffinBreak,C_PretAManger,C_Starbucks
E06000053,Isles of Scilly,"2,242","£370,000.00",0,0,0,0,0,0,0,0,0,0,0,0,0,0
E09000001,City of London,"8,706","£930,000.00",0,0,0,0,0,0,34.46,0,0,0,0,0,0,3
S12000023,Orkney Islands,"22,190","£148,633.00",0,4.51,0,0,0,0,0,0,1,0,0,0,0,0
S12000027,Shetland Islands,"22,990","£169,661.00",0,0,0,0,0,0,0,0,0,0,0,0,0,0
E07000191,West Somerset,"34,887","£245,000.00",0,0,0,2.87,0,0,0,0,0,0,1,0,0,0
E06000017,Rutland,"39,697","£272,995.00",2.52,5.04,0,0,0,0,0,1,2,0,0,0,0,0
E07000051,Purbeck,"47,135","£291,500.00",0,2.12,0,4.24,0,0,0,0,1,0,2,0,0,0
E07000133,Melton,"51,100","£216,500.00",1.96,1.96,0,1.96,0,0,0,1,1,0,1,0,0,0
S12000005,Clackmannanshire,"51,400","£160,833.00",0,3.89,0,1.95,0,0,0,0,2,0,1,0,0,0
E07000030,Eden,"52,881","£210,000.00",0,5.67,0,5.67,0,0,5.67,0,3,0,3,0,0,3
E07000166,Richmondshire,"53,244","£212,000.00",0,9.39,0,5.63,0,0,0,0,5,0,3,0,0,0
E07000167,Ryedale,"54,920","£230,000.00",0,3.64,0,0,0,0,0,0,2,0,0,0,0,0
E07000047,West Devon,"55,528","£236,000.00",0,3.6,0,1.8,0,0,0,0,2,0,1,0,0,0
E07000163,Craven,"56,832","£201,000.00",1.76,1.76,0,3.52,0,0,3.52,1,1,0,2,0,0,2
E07000135,Oadby and Wigston,"57,056","£210,000.00",0,3.51,0,0,0,0,0,0,2,0,0,0,0,0
E07000124,Ribble Valley,"60,057","£220,000.00",1.67,1.67,0,1.67,0,0,1.67,1,1,0,1,0,0,1
W06000024,Merthyr Tydfil,"60,183","£94,000.00",0,3.32,0,4.98,0,0,0,0,2,0,3,0,0,0
E07000223,Adur,"63,869","£315,000.00",0,1.57,0,0,0,0,0,0,1,0,0,0,0,0
E07000074,Maldon,"64,425","£325,000.00",0,4.66,0,1.55,0,0,0,0,3,0,1,0,0,0
E07000218,North Warwickshire,"64,850","£205,000.00",0,6.17,0,1.54,0,0,9.25,0,4,0,1,0,0,6
E07000201,Forest Heath,"65,399","£220,000.00",1.53,3.06,0,4.59,0,0,12.23,1,2,0,3,0,0,8
E07000053,Weymouth and Portland,"65,865","£220,000.00",1.52,3.04,0,3.04,0,0,0,1,2,0,2,0,0,0
E07000027,Barrow-in-Furness,"67,137","£125,000.00",0,4.47,0,4.47,0,0,0,0,3,0,3,0,0,0
E07000046,Torridge,"68,143","£220,000.00",0,4.4,0,0,0,0,1.47,0,3,0,0,0,0,1
E07000029,Copeland,"68,424","£122,500.00",0,1.46,0,7.31,0,0,0,0,1,0,5,0,0,0
E07000136,Boston,"69,366","£160,000.00",1.44,2.88,0,5.77,0,0,2.88,1,2,0,4,0,0,2
W06000019,Blaenau Gwent,"69,713","£86,000.00",0,1.43,0,4.3,0,0,0,0,1,0,3,0,0,0
W06000001,Isle of Anglesey,"69,961","£169,950.00",0,0,0,0,0,0,0,0,0,0,0,0,0,0
E07000006,South Bucks,"70,043","£560,000.00",1.43,8.57,0,0,0,0,5.71,1,6,0,0,0,0,4
E07000150,Corby,"70,827","£188,000.00",0,1.41,0,5.65,0,0,2.82,0,1,0,4,0,0,2
E07000050,North Dorset,"70,841","£262,500.00",0,4.23,0,1.41,0,0,0,0,3,0,1,0,0,0
E07000125,Rossendale,"70,895","£134,000.00",0,5.64,0,2.82,0,0,0,0,4,0,2,0,0,0
E07000035,Derbyshire Dales,"71,977","£265,000.00",0,4.17,0,2.78,0,0,0,0,3,0,2,0,0,0
W06000008,Ceredigion,"72,992","£180,000.00",1.37,4.11,0,5.48,0,0,1.37,1,3,0,4,0,0,1
E07000068,Brentwood,"76,550","£425,000.00",1.31,2.61,0,2.61,0,0,2.61,1,2,0,2,0,0,2
E07000199,Tamworth,"76,678","£195,000.00",0,7.82,0,5.22,0,0,1.3,0,6,0,4,0,0,1
E07000235,Malvern Hills,"78,113","£275,977.00",2.56,3.84,0,1.28,0,0,0,2,3,0,1,0,0,0
S12000018,Inverclyde,"78,150","£135,125.00",0,3.84,0,6.4,0,0,0,0,3,0,5,0,0,0
E07000156,Wellingborough,"79,478","£209,995.00",0,2.52,0,2.52,0,0,1.26,0,2,0,2,0,0,1
E07000033,Bolsover,"79,530","£130,000.00",0,3.77,0,1.26,0,0,2.51,0,3,0,1,0,0,2
E07000119,Fylde,"79,770","£194,950.00",2.51,2.51,0,3.76,0,0,2.51,2,2,0,3,0,0,2
E07000208,Epsom and Ewell,"79,928","£475,000.00",1.25,3.75,1.25,0,1.25,0,1.25,1,3,1,0,1,0,1
E07000120,Hyndburn,"80,815","£101,500.00",0,4.95,0,1.24,0,0,1.24,0,4,0,1,0,0,1
E07000042,Mid Devon,"81,695","£235,000.00",0,6.12,0,1.22,0,0,0,0,5,0,1,0,0,0
E07000151,Daventry,"84,484","£284,950.00",0,3.55,0,1.18,0,0,0,0,3,0,1,0,0,0
E07000236,Redditch,"84,989","£207,500.00",1.18,3.53,0,3.53,1.18,0,0,1,3,0,3,1,0,0
E07000088,Gosport,"85,283","£205,000.00",0,3.52,0,0,0,0,0,0,3,0,0,0,0,0
E07000044,South Hams,"86,221","£296,475.00",0,2.32,0,0,0,0,0,0,2,0,0,0,0,0
S12000035,Argyll and Bute,"86,260","£172,729.00",0,2.32,0,1.16,0,0,0,0,2,0,1,0,0,0
E07000080,Forest of Dean,"86,543","£223,000.00",0,0,0,1.16,0,0,0,0,0,0,1,0,0,0
E07000073,Harlow,"86,594","£276,750.00",0,5.77,1.15,4.62,0,0,1.15,0,5,1,4,0,0,1
E07000075,Rochford,"86,981","£335,000.00",0,4.6,0,0,0,0,0,0,4,0,0,0,0,0
E07000210,Mole Valley,"87,253","£489,825.00",0,3.44,1.15,0,0,0,0,0,3,1,0,0,0,0
E07000215,Tandridge,"87,496","£424,300.00",2.29,4.57,0,0,0,0,0,2,4,0,0,0,0,0
E07000243,Stevenage,"87,754","£273,500.00",0,5.7,1.14,4.56,0,0,3.42,0,5,1,4,0,0,3
E07000212,Runnymede,"88,000","£399,000.00",1.14,4.55,1.14,0,0,0,1.14,1,4,1,0,0,0,1
E07000117,Burnley,"88,527","£90,000.00",0,1.13,0,3.39,0,0,1.13,0,1,0,3,0,0,1
E07000214,Surrey Heath,"88,874","£415,000.00",0,5.63,0,0,1.13,0,2.25,0,5,0,0,1,0,2
E07000079,Cotswold,"89,022","£350,000.00",1.12,1.12,0,2.25,0,0,0,1,1,0,2,0,0,0
E07000169,Selby,"89,106","£200,000.00",0,2.24,0,1.12,0,0,0,0,2,0,1,0,0,0
S12000039,West Dunbartonshire,"89,130","£120,661.00",0,3.37,0,7.85,0,0,1.12,0,3,0,7,0,0,1
E07000077,Uttlesford,"89,179","£420,000.00",1.12,6.73,0,0,0,4.49,8.97,1,6,0,0,0,4,8
E07000009,East Cambridgeshire,"89,362","£283,500.00",1.12,4.48,0,0,0,0,2.24,1,4,0,0,0,0,2
E07000049,East Dorset,"89,889","£360,500.00",0,3.34,0,3.34,0,0,2.22,0,3,0,3,0,0,2
E07000069,Castle Point,"90,070","£300,000.00",0,2.22,0,0,0,0,0,0,2,0,0,0,0,0
E07000164,Hambleton,"91,134","£228,000.00",2.19,8.78,0,2.19,0,0,2.19,2,8,0,2,0,0,2
S12000019,Midlothian,"91,340","£232,102.00",0,4.38,0,1.09,0,0,0,0,4,0,1,0,0,0
E07000200,Babergh,"91,401","£275,000.00",1.09,3.28,0,2.19,0,0,1.09,1,3,0,2,0,0,1
E07000122,Pendle,"91,405","£105,000.00",0,1.09,0,2.19,0,0,0,0,1,0,2,0,0,0
E07000037,High Peak,"92,221","£190,500.00",1.08,3.25,0,2.17,0,0,0,1,3,0,2,0,0,0
E07000131,Harborough,"92,499","£281,000.00",1.08,2.16,0,1.08,0,0,1.08,1,2,0,1,0,0,1
E07000155,South Northamptonshire,"92,515","£312,500.00",0,2.16,0,1.08,0,0,3.24,0,2,0,1,0,0,3
E07000083,Tewkesbury,"92,599","£270,000.00",0,3.24,0,3.24,0,0,1.08,0,3,0,3,0,0,1
E07000062,Hastings,"92,855","£220,500.00",1.08,3.23,0,0,0,0,0,1,3,0,0,0,0,0
E07000102,Three Rivers,"93,045","£470,000.00",1.07,2.15,0,0,0,0,0,1,2,0,0,0,0,0
W06000020,Torfaen,"93,049","£150,250.00",0,3.22,0,5.37,0,0,1.07,0,3,0,5,0,0,1
E06000001,Hartlepool,"93,242","£125,000.00",0,3.22,0,4.29,0,0,3.22,0,3,0,4,0,0,3
E07000152,East Northamptonshire,"93,906","£225,000.00",1.06,4.26,0,4.26,0,0,1.06,1,4,0,4,0,0,1
E07000140,South Holland,"93,980","£185,000.00",1.06,3.19,0,2.13,0,0,2.13,1,3,0,2,0,0,2
W06000021,Monmouthshire,"94,142","£245,000.00",2.12,5.31,0,6.37,0,0,2.12,2,5,0,6,0,0,2
S12000030,Stirling,"94,330","£215,485.00",1.06,5.3,0,4.24,1.06,0,1.06,1,5,0,4,1,0,1
E07000142,West Lindsey,"94,869","£178,000.00",0,2.11,0,2.11,0,0,0,0,2,0,2,0,0,0
E07000092,Rushmoor,"95,142","£295,000.00",0,4.2,0,1.05,0,0,2.1,0,4,0,1,0,0,2
S12000011,East Renfrewshire,"95,170","£252,100.00",0,3.15,0,2.1,0,0,0,0,3,0,2,0,0,0
W06000004,Denbighshire,"95,330","£146,000.00",0,5.24,0,5.24,0,0,2.1,0,5,0,5,0,0,2
S12000020,Moray,"95,520","£168,751.00",0,4.19,0,0,0,0,1.05,0,4,0,0,0,0,1
E07000064,Rother,"95,656","£286,000.00",0,2.09,0,0,0,0,0,0,2,0,0,0,0,0
E07000005,Chiltern,"95,927","£535,000.00",2.08,7.3,0,2.08,0,0,0,2,7,0,2,0,0,0
E07000043,North Devon,"96,110","£240,000.00",1.04,6.24,0,2.08,0,0,0,1,6,0,2,0,0,0
E07000089,Hart,"96,293","£395,000.00",0,4.15,0,0,0,0,5.19,0,4,0,0,0,0,5
E07000103,Watford,"96,767","£365,000.00",1.03,6.2,1.03,1.03,0,1.03,3.1,1,6,1,1,0,1,3
E07000095,Broxbourne,"96,876","£352,000.00",1.03,3.1,0,0,0,0,1.03,1,3,0,0,0,0,1
E07000026,Allerdale,"97,527","£166,000.00",0,3.08,0,8.2,1.03,0,2.05,0,3,0,8,1,0,2
E07000198,Staffordshire Moorlands,"98,397","£165,000.00",0,1.02,0,0,0,0,0,0,1,0,0,0,0,0
E07000234,Bromsgrove,"98,662","£286,000.00",0,2.03,0,3.04,0,0,3.04,0,2,0,3,0,0,3
E07000138,Lincoln,"99,039","£153,000.00",3.03,5.05,0,3.03,0,0,5.05,3,5,0,3,0,0,5
E07000213,Spelthorne,"99,334","£389,950.00",1.01,4.03,0,0,1.01,1.01,1.01,1,4,0,0,1,1,1
E07000145,Great Yarmouth,"99,370","£175,750.00",0,3.02,0,3.02,0,0,1.01,0,3,0,3,0,0,1
E07000192,Cannock Chase,"100,109","£166,000.00",0,4.99,0,3,0,0,1,0,5,0,3,0,0,1
E07000129,Blaby,"100,421","£221,500.00",0,0,0,0,0,0,3.98,0,0,0,0,0,0,4
E07000239,Wyre Forest,"101,062","£185,000.00",0.99,1.98,0,2.97,0,0,0.99,1,2,0,3,0,0,1
E07000038,North East Derbyshire,"101,125","£180,000.00",0,0,0,0.99,0,0,0.99,0,0,0,1,0,0,1
E07000217,Woking,"101,167","£385,000.00",0.99,3.95,0,0,0,0.99,1.98,1,4,0,0,0,1,2
E07000153,Kettering,"101,266","£205,000.00",0,7.9,0,5.92,0,0,2.96,0,8,0,6,0,0,3
E07000010,Fenland,"101,491","£188,000.00",0,3.94,0,1.97,0,0,0,0,4,0,2,0,0,0
E07000237,Worcester,"101,891","£199,950.00",1.96,4.91,0,2.94,0,0.98,1.96,2,5,0,3,0,1,2
E07000134,North West Leicestershire,"102,126","£210,000.00",0,2.94,0,5.88,0,0,2.94,0,3,0,6,0,0,3
E07000203,Mid Suffolk,"102,493","£264,995.00",0,2.93,0,0.98,0,0,0,0,3,0,1,0,0,0
E07000063,Lewes,"102,744","£320,000.00",0.97,0.97,0,0,0,0,0,1,1,0,0,0,0,0
E07000052,West Dorset,"102,754","£290,000.00",0.97,6.81,0,0.97,0,0,2.92,1,7,0,1,0,0,3
E07000061,Eastbourne,"103,160","£241,000.00",0.97,2.91,0,0,0.97,0,1.94,1,3,0,0,1,0,2
E07000194,Lichfield,"103,965","£248,000.00",0.96,5.77,0,2.89,0,0,0,1,6,0,3,0,0,0
E07000098,Hertsmere,"104,205","£447,500.00",2.88,5.76,0,0,0,0.96,5.76,3,6,0,0,0,1,6
E07000039,South Derbyshire,"104,493","£212,973.00",0,1.91,0,2.87,0,0,0,0,2,0,3,0,0,0
E07000031,South Lakeland,"104,532","£222,000.00",0.96,6.7,0.96,4.78,0,0,0,1,7,1,5,0,0,0
E07000147,North Norfolk,"104,552","£248,500.00",0,2.87,0,0.96,0,0,0,0,3,0,1,0,0,0
E07000034,Chesterfield,"104,628","£153,500.00",0.96,3.82,0,1.91,0,0,0.96,1,4,0,2,0,0,1
S12000010,East Lothian,"105,790","£251,854.00",0,2.84,0,4.73,0,0,0.95,0,3,0,5,0,0,1
E07000109,Gravesham,"106,385","£295,000.00",0,1.88,0,0.94,0,0,0,0,2,0,1,0,0,0
E06000005,Darlington,"106,566","£142,498.00",0.94,3.75,0.94,7.51,0,0,0,1,4,1,8,0,0,0
E07000220,Rugby,"107,194","£249,950.00",1.87,5.6,0,1.87,0,0,1.87,2,6,0,2,0,0,2
S12000045,East Dunbartonshire,"108,330","£257,258.00",0,3.69,0,1.85,0,0,0,0,4,0,2,0,0,0
E07000028,Carlisle,"108,387","£142,000.00",0.92,5.54,0,4.61,0.92,0,0,1,6,0,5,1,0,0
E07000168,Scarborough,"108,736","£157,450.00",0,1.84,0.92,1.84,0,0,0.92,0,2,1,2,0,0,1
E07000174,Mansfield,"108,841","£138,000.00",0,4.59,0,3.68,0,0,0,0,5,0,4,0,0,0
E07000107,Dartford,"109,709","£303,152.00",1.82,8.2,0.91,0,0,0.91,1.82,2,9,1,0,0,1,2
E07000181,West Oxfordshire,"109,800","£340,000.00",2.73,2.73,0,0.91,0,0,1.82,3,3,0,1,0,0,2
E07000229,Worthing,"110,025","£293,688.00",0.91,4.54,0.91,0,0,0,1.82,1,5,1,0,0,0,2
E07000126,South Ribble,"110,527","£162,500.00",0,0.9,0,0.9,0,0,1.81,0,1,0,1,0,0,2
E07000128,Wyre,"111,223","£152,000.00",0,3.6,0,1.8,0,0,0,0,4,0,2,0,0,0
E07000196,South Staffordshire,"112,126","£215,000.00",0,1.78,0,2.68,0,0,0,0,2,0,3,0,0,0
E07000132,Hinckley and Bosworth,"112,423","£201,250.00",0,1.78,0,3.56,0,0,0,0,2,0,4,0,0,0
E07000226,Crawley,"112,448","£295,000.00",2.67,9.78,0.89,0.89,0,0.89,3.56,3,11,1,1,0,1,4
S12000028,South Ayrshire,"112,550","£159,822.00",0.89,3.55,0,5.33,0,0,0,1,4,0,6,0,0,0
E07000112,Shepway,"112,578","£255,000.00",0,4.44,0,0,0,0,1.78,0,5,0,0,0,0,2
E07000172,Broxtowe,"113,272","£178,000.00",0.88,4.41,0,1.77,0,0,1.77,1,5,0,2,0,0,2
E07000204,St Edmundsbury,"113,482","£277,500.00",1.76,2.64,0,2.64,0.88,0,1.76,2,3,0,3,1,0,2
E07000127,West Lancashire,"113,949","£190,000.00",0,2.63,0,2.63,0,0,2.63,0,3,0,3,0,0,3
E07000187,Mendip,"114,881","£264,000.00",1.74,3.48,0,4.35,0,0.87,0.87,2,4,0,5,0,1,1
S12000026,Scottish Borders,"115,270","£176,344.00",0,2.6,0,3.47,0,0,0,0,3,0,4,0,0,0
E07000036,Erewash,"115,490","£160,000.00",0,1.73,0,0,0,0,0.87,0,2,0,0,0,0,1
E07000139,North Kesteven,"115,985","£195,000.00",0,0.86,0,1.72,0,0,0,0,1,0,2,0,0,0
S12000041,Angus,"116,040","£171,809.00",0,2.59,0,2.59,0,0,0,0,3,0,3,0,0,0
E07000087,Fareham,"116,339","£285,000.00",0.86,6.88,0,0,0,0,0,1,8,0,0,0,0,0
E07000118,Chorley,"116,821","£167,500.00",0,2.57,0,1.71,0,0,3.42,0,3,0,2,0,0,4
N09000006,Fermanagh and Omagh,"116,835","£159,191.00",1.71,0.86,0,0,0,0,0,2,1,0,0,0,0,0
E07000171,Bassetlaw,"116,839","£156,000.00",0,3.42,0,3.42,0,0,3.42,0,4,0,4,0,0,4
E07000108,Dover,"116,969","£248,000.00",0,4.27,0,1.71,0,0,0.85,0,5,0,2,0,0,1
E07000078,Cheltenham,"117,090","£275,000.00",1.71,3.42,0,0.85,0,0.85,2.56,2,4,0,1,0,1,3
W06000003,Conwy,"117,181","£160,000.00",0.85,1.71,0,0.85,0,0,0.85,1,2,0,1,0,0,1
E07000176,Rushcliffe,"117,671","£280,000.00",0.85,2.55,0,0.85,0,0,0,1,3,0,1,0,0,0
E07000173,Gedling,"117,786","£180,000.00",0,3.4,0,3.4,0,0,0,0,4,0,4,0,0,0
E07000116,Tunbridge Wells,"118,054","£378,000.00",1.69,5.93,0.85,1.69,0,0.85,1.69,2,7,1,2,0,1,2
E07000206,Waveney,"118,311","£188,000.00",0,3.38,0,2.54,0,0,1.69,0,4,0,3,0,0,2
E07000193,East Staffordshire,"118,574","£180,000.00",0,5.9,0,3.37,0.84,0,2.53,0,7,0,4,1,0,3
E07000190,Taunton Deane,"118,979","£223,000.00",0.84,8.4,0,2.52,0,0,0.84,1,10,0,3,0,0,1
E07000082,Stroud,"119,019","£267,000.00",0,4.2,0,0.84,0,0,2.52,0,5,0,1,0,0,3
E07000111,Sevenoaks,"120,293","£400,000.00",0.83,5.82,0,0,0,0,0,1,7,0,0,0,0,0
E07000085,East Hampshire,"120,681","£371,750.00",1.66,1.66,0,2.49,0,0,1.66,2,2,0,3,0,0,2
E07000225,Chichester,"120,750","£360,000.00",1.66,4.97,0,0.83,0,0,0.83,2,6,0,1,0,0,1
E07000175,Newark and Sherwood,"121,566","£182,000.00",0,2.47,0,2.47,0,0,3.29,0,3,0,3,0,0,4
E06000036,Bracknell Forest,"121,676","£342,000.00",0,4.93,0,0.82,0,0.82,1.64,0,6,0,1,0,1,2
S12000008,East Ayrshire,"121,840","£130,474.00",0,0.82,0,2.46,0,0,0,0,1,0,3,0,0,0
E07000241,Welwyn Hatfield,"122,746","£370,000.00",1.63,3.26,0,0,0.81,0,1.63,2,4,0,0,1,0,2
E07000188,Sedgemoor,"122,791","£215,000.00",0,6.52,0,3.26,0,0,0.81,0,8,0,4,0,0,1
W06000002,Gwynedd,"124,178","£155,000.00",0.81,4.03,0,1.61,0,0,3.22,1,5,0,2,0,0,4
E07000094,Winchester,"124,295","£410,000.00",1.61,8.85,0,1.61,0,0.8,2.41,2,11,0,2,0,1,3
W06000009,Pembrokeshire,"125,055","£170,000.00",0,3.2,0,3.2,0,0,0,0,4,0,4,0,0,0
E07000093,Test Valley,"125,169","£300,000.00",1.6,7.19,0,3.2,0,0,4.79,2,9,0,4,0,0,6
E07000216,Waverley,"125,610","£470,000.00",1.59,3.18,0,1.59,0,0,1.59,2,4,0,2,0,0,2
E07000008,Cambridge,"125,758","£435,000.00",3.98,7.95,0,0,0,1.59,4.77,5,10,0,0,0,2,6
E07000090,Havant,"125,813","£260,000.00",0.79,5.56,0,1.59,0,0,0.79,1,7,0,2,0,0,1
E07000032,Amber Valley,"126,678","£172,760.00",0,3.16,0,4.74,0,0,0,0,4,0,6,0,0,0
E07000170,Ashfield,"127,151","£143,950.00",0,3.15,0,2.36,0,0,0,0,4,0,3,0,0,0
E07000238,Wychavon,"127,340","£270,000.00",0,3.14,0,1.57,0.79,0,1.57,0,4,0,2,1,0,2
E07000221,Stratford-on-Avon,"127,580","£319,500.00",0.78,3.92,0.78,1.57,0.78,0.78,4.7,1,5,1,2,1,1,6
E06000006,Halton,"128,432","£140,000.00",0,3.11,0,2.34,0,0,0.78,0,4,0,3,0,0,1
E07000219,Nuneaton and Bedworth,"128,902","£180,000.00",0.78,1.55,0,3.1,0,0,0.78,1,2,0,4,0,0,1
E07000105,Ashford,"129,281","£285,000.00",1.55,5.41,0,0,0.77,0.77,3.09,2,7,0,0,1,1,4
E07000081,Gloucester,"129,285","£199,000.00",1.55,7.73,0,1.55,0,0,0.77,2,10,0,2,0,0,1
E07000144,Broadland,"129,464","£250,000.00",0,1.54,0,0,0,0,1.54,0,2,0,0,0,0,2
E07000195,Newcastle-under-Lyme,"129,490","£147,000.00",0.77,2.32,0,1.54,0,0,3.09,1,3,0,2,0,0,4
E07000205,Suffolk Coastal,"129,938","£286,750.00",1.54,2.31,0,1.54,0,0,0,2,3,0,2,0,0,0
E07000041,Exeter,"130,428","£250,000.00",1.53,6.13,0,2.3,0,1.53,3.07,2,8,0,3,0,2,4
E07000115,Tonbridge and Malling,"130,508","£350,000.00",0.77,5.36,0,0.77,0,0,0.77,1,7,0,1,0,0,1
E07000072,Epping Forest,"131,137","£452,750.00",1.53,6.1,0,1.53,0,0,1.53,2,8,0,2,0,0,2
E07000086,Eastleigh,"131,819","£297,500.00",0.76,5.31,0,1.52,0,0,0.76,1,7,0,2,0,0,1
W06000014,Vale of Glamorgan,"132,165","£220,000.00",0.76,3.03,0,1.51,0,0,0,1,4,0,2,0,0,0
W06000023,Powys,"132,447","£180,000.00",0,2.27,0,6.04,0,0,0,0,3,0,8,0,0,0
E07000045,Teignbridge,"132,844","£250,000.00",0,3.01,0,1.51,0,0,0,0,4,0,2,0,0,0
E07000099,North Hertfordshire,"133,214","£337,500.00",0.75,5.25,0.75,1.5,0,0,1.5,1,7,1,2,0,0,2
E07000180,Vale of White Horse,"133,732","£342,500.00",0,6.73,0,1.5,0,0,0,0,9,0,2,0,0,0
S12000021,North Ayrshire,"135,280","£130,171.00",0,2.96,0,2.96,0,0,0,0,4,0,4,0,0,0
E06000027,Torbay,"135,780","£195,000.00",0,2.21,0,0.74,0,0,0,0,3,0,1,0,0,0
E07000197,Stafford,"135,880","£208,000.00",0.74,7.36,0,1.47,0,0,2.21,1,10,0,2,0,0,3
W06000006,Wrexham,"136,126","£155,000.00",0.73,3.67,0,3.67,0,0,0.73,1,5,0,5,0,0,1
E07000207,Elmbridge,"136,626","£575,000.00",2.2,3.66,0.73,0,0,0,2.93,3,5,1,0,0,0,4
E06000003,Redcar and Cleveland,"136,718","£131,748.00",0.73,3.66,0,4.39,0,0,0,1,5,0,6,0,0,0
E07000202,Ipswich,"137,532","£200,000.00",1.45,6.54,0,0.73,0,0,2.91,2,9,0,1,0,0,4
E07000149,South Norfolk,"138,017","£257,000.00",0,3.62,0,2.17,0,0,0,0,5,0,3,0,0,0
N09000008,Mid and East Antrim,"138,773","£130,482.00",0.72,2.16,0,2.16,0,0,0.72,1,3,0,3,0,0,1
E06000009,Blackpool,"139,305","£110,000.00",0.72,4.31,0,1.44,0,0,2.15,1,6,0,2,0,0,3
E07000143,Breckland,"139,329","£220,000.00",0,2.87,0,4.31,0,0,0.72,0,4,0,6,0,0,1
E07000179,South Oxfordshire,"140,504","£390,000.00",0.71,3.56,0,2.85,0,0,4.98,1,5,0,4,0,0,7
E06000002,Middlesbrough,"140,545","£133,000.00",0.71,3.56,0.71,2.85,0,0,0.71,1,5,1,4,0,0,1
E07000137,East Lindsey,"140,741","£169,950.00",0.71,1.42,0,2.84,0,0,0,1,2,0,4,0,0,0
E07000148,Norwich,"141,137","£194,000.00",2.83,7.79,0,0.71,0,0.71,4.25,4,11,0,1,0,1,6
E06000046,Isle of Wight,"141,538","£211,000.00",0,2.83,0,0,0,0,0.71,0,4,0,0,0,0,1
E07000123,Preston,"141,818","£142,500.00",1.41,5.64,0,1.41,0,0,3.53,2,8,0,2,0,0,5
E07000114,Thanet,"141,819","£238,975.00",1.41,4.23,0,0,0,0,0,2,6,0,0,0,0,0
E07000141,South Kesteven,"141,853","£212,250.00",0.7,4.23,0,2.82,0,0,1.41,1,6,0,4,0,0,2
E07000227,Horsham,"142,217","£379,725.00",0.7,1.41,0.7,0.7,0.7,0.7,0.7,1,2,1,1,1,1,1
E07000222,Warwick,"142,484","£305,125.00",3.51,4.21,0,2.81,0,0,2.81,5,6,0,4,0,0,4
N09000001,Antrim and Newtownabbey,"142,492","£147,316.00",0.7,1.4,0,0.7,0,0,2.11,1,2,0,1,0,0,3
W06000012,Neath Port Talbot,"142,906","£115,000.00",0,2.1,0,4.2,0,0,0.7,0,3,0,6,0,0,1
E07000121,Lancaster,"144,246","£152,000.00",0.69,3.47,0.69,5.55,0,0,0.69,1,5,1,8,0,0,1
N09000004,Causeway Coast and Glens,"144,246","£182,460.00",0.69,1.39,0,0.69,0,0,0,1,2,0,1,0,0,0
E07000040,East Devon,"144,317","£279,950.00",0.69,3.46,0,0.69,0,0,2.77,1,5,0,1,0,0,4
N09000007,Lisburn and Castlereagh,"144,381","£183,495.00",2.08,2.08,0,1.39,0,0,0,3,3,0,2,0,0,0
W06000013,Bridgend,"144,876","£152,000.00",0,3.45,0,8.28,0,0,2.76,0,5,0,12,0,0,4
E07000076,Tendring,"145,803","£230,000.00",0,4.12,0,2.06,0,0,0,0,6,0,3,0,0,0
E07000240,St Albans,"147,373","£530,000.00",1.36,3.39,0,0.68,0,0,1.36,2,5,0,1,0,0,2
N09000009,Mid Ulster,"147,392","£163,200.00",0,1.36,0,0,0,0,0,0,2,0,0,0,0,0
E07000211,Reigate and Banstead,"147,757","£410,000.00",0,2.71,0,0,0.68,0,1.35,0,4,0,0,1,0,2
E07000209,Guildford,"147,889","£440,000.00",2.03,3.38,0.68,1.35,0.68,0.68,5.41,3,5,1,2,1,1,8
E07000242,East Hertfordshire,"148,105","£395,000.00",1.35,3.38,0,2.03,0,0,0.68,2,5,0,3,0,0,1
E07000113,Swale,"148,519","£250,000.00",0,3.37,0,2.69,0,0,2.02,0,5,0,4,0,0,3
S12000042,Dundee City,"148,750","£146,229.00",1.34,3.36,0,3.36,0.67,0,2.02,2,5,0,5,1,0,3
S12000006,Dumfries and Galloway,"148,790","£152,163.00",0,2.69,0,4.03,0,0,2.02,0,4,0,6,0,0,3
E06000008,Blackburn with Darwen,"148,942","£120,000.00",0,4.03,0,4.03,0.67,0,1.34,0,6,0,6,1,0,2
E06000039,Slough,"149,112","£315,000.00",0,2.68,0,0,0,0,0.67,0,4,0,0,0,0,1
E07000177,Cherwell,"149,161","£312,000.00",0.67,8.04,0,4.02,0.67,0.67,2.68,1,12,0,6,1,1,4
E08000011,Knowsley,"149,571","£139,995.00",0,2.67,0,0.67,0,0,0,0,4,0,1,0,0,0
E07000228,Mid Sussex,"149,716","£375,000.00",2,4.68,0,3.34,0,0,2,3,7,0,5,0,0,3
E08000023,South Tyneside,"150,265","£136,500.00",0.67,0.67,0,0,0,0,1.33,1,1,0,0,0,0,2
N09000005,Derry and Strabane,"150,679","£135,326.00",1.33,1.99,0,0,0,0,1.33,2,3,0,0,0,0,2
E06000040,Windsor and Maidenhead,"150,906","£467,500.00",1.99,7.95,0.66,0.66,0,0.66,1.99,3,12,1,1,0,1,3
S12000024,Perth and Kinross,"151,290","£206,776.00",0.66,4.63,0,3.3,0,0,1.98,1,7,0,5,0,0,3
E06000029,Poole,"151,500","£287,000.00",0.66,4.62,0,0.66,0,0,1.98,1,7,0,1,0,0,3
E07000067,Braintree,"151,561","£280,000.00",0,4.62,0,1.98,0,0,1.98,0,7,0,3,0,0,3
E07000146,King's Lynn and West Norfolk,"151,811","£212,000.00",0.66,5.27,0,2.63,0,0,1.32,1,8,0,4,0,0,2
W06000022,Newport,"153,302","£169,950.00",1.3,3.26,0,3.91,0.65,0,1.3,2,5,0,6,1,0,2
E07000096,Dacorum,"154,280","£375,000.00",0.65,2.59,0,0.65,0.65,0,1.94,1,4,0,1,1,0,3
E07000178,Oxford,"154,327","£400,000.00",2.59,5.83,0,0.65,0,1.3,2.59,4,9,0,1,0,2,4
W06000005,Flintshire,"155,593","£162,250.00",0,3.21,0,3.21,0,0,3.86,0,5,0,5,0,0,6
E07000012,South Cambridgeshire,"157,519","£360,000.00",0,2.54,0,0.63,0,0,0.63,0,4,0,1,0,0,1
E06000037,West Berkshire,"158,527","£350,000.00",1.26,6.94,0,1.89,0,0.63,2.52,2,11,0,3,0,1,4
E06000012,North East Lincolnshire,"159,821","£130,000.00",0.63,1.25,0,3.13,0,0,1.25,1,2,0,5,0,0,2
E07000224,Arun,"159,827","£287,000.00",0,3.75,0,1.88,0,0,0,0,6,0,3,0,0,0
E07000065,Wealden,"160,175","£319,950.00",0,4.37,0,0.62,0,0,1.25,0,7,0,1,0,0,2
S12000014,Falkirk,"160,340","£156,360.00",0.62,3.12,0,4.99,0,0,1.25,1,5,0,8,0,0,2
E07000165,Harrogate,"160,533","£272,500.00",2.49,3.74,0,2.49,0,0,1.25,4,6,0,4,0,0,2
N09000011,East Coast,"160,864","£155,205.00",1.86,1.86,0,0.62,0,0,1.86,3,3,0,1,0,0,3
E06000038,Reading,"163,203","£310,000.00",2.45,6.13,0,0,0,1.84,4.29,4,10,0,0,0,3,7
E07000106,Canterbury,"164,553","£300,000.00",1.82,3.65,0,1.22,0,0.61,1.22,3,6,0,2,0,1,2
E07000189,South Somerset,"167,861","£218,998.00",0.6,2.38,0,2.98,0,0,0.6,1,4,0,5,0,0,1
E06000041,Wokingham,"167,979","£420,000.00",0.6,2.98,0,1.79,0,0,0,1,5,0,3,0,0,0
E07000110,Maidstone,"169,955","£311,000.00",1.18,5.88,0.59,1.18,0.59,0,1.18,2,10,1,2,1,0,2
E06000055,Bedford,"171,623","£280,000.00",0,3.5,0,1.17,0,0,1.75,0,6,0,2,0,0,3
E06000013,North Lincolnshire,"172,005","£140,000.00",0,3.49,0,4.07,0,0,1.74,0,6,0,7,0,0,3
E06000034,Thurrock,"172,525","£287,500.00",0.58,4.06,0,1.16,0,0.58,1.16,1,7,0,2,0,1,2
E07000007,Wycombe,"174,641","£372,000.00",0.57,4.58,0,1.15,0.57,0.57,1.72,1,8,0,2,1,1,3
E07000084,Basingstoke and Deane,"175,729","£323,000.00",1.14,4.55,0,5.12,0,0.57,3.98,2,8,0,9,0,1,7
E07000070,Chelmsford,"177,079","£340,000.00",1.13,6.78,0,2.82,1.13,0.56,0.56,2,12,0,5,2,1,1
E07000011,Huntingdonshire,"177,352","£270,000.00",1.13,5.07,0,5.07,0,0,0.56,2,9,0,9,0,0,1
S12000038,Renfrewshire,"177,790","£150,819.00",0.56,1.12,0,4.5,0,0,2.25,1,2,0,8,0,0,4
E06000020,Telford and Wrekin,"177,799","£169,950.00",0,6.19,0,5.62,0,0,1.12,0,11,0,10,0,0,2
E07000091,New Forest,"179,753","£325,250.00",1.11,3.89,0,2.23,0,0,0,2,7,0,4,0,0,0
N09000010,Newry Mourne and Down,"180,012","£158,669.00",1.11,1.67,0,0.56,0,0,1.11,2,3,0,1,0,0,2
E08000013,St. Helens,"180,049","£134,000.00",0.56,2.78,0,0,0,0,0.56,1,5,0,0,0,0,1
W06000018,Caerphilly,"181,019","£130,000.00",0,1.1,0.55,3.87,0,0,0,0,2,1,7,0,0,0
S12000040,West Lothian,"182,140","£188,062.00",0.55,2.75,0,3.84,0.55,0,2.2,1,5,0,7,1,0,4
E06000033,Southend-on-Sea,"182,463","£283,995.00",0.55,2.74,0,0,0.55,0,1.1,1,5,0,0,1,0,2
E07000130,Charnwood,"182,643","£218,000.00",0.55,2.19,0,2.19,0.55,0,1.64,1,4,0,4,1,0,3
E07000066,Basildon,"185,862","£295,000.00",0,4.3,0.54,2.15,0.54,0,1.61,0,8,1,4,1,0,3
W06000010,Carmarthenshire,"187,568","£139,950.00",0.53,4.27,0,3.2,0,0,2.13,1,8,0,6,0,0,4
E08000002,Bury,"190,108","£170,000.00",0,2.63,0,1.05,0,0,0.53,0,5,0,2,0,0,1
E06000022,Bath and North East Somerset,"192,106","£327,000.00",2.08,4.16,0,0.52,0,1.04,1.56,4,8,0,1,0,2,3
E06000019,"Herefordshire, County of","192,107","£235,000.00",0.52,1.56,0,3.64,0,0,0.52,1,3,0,7,0,0,1
E07000071,Colchester,"192,523","£270,000.00",1.04,3.64,0,2.08,0,0,2.08,2,7,0,4,0,0,4
E06000028,Bournemouth,"194,500","£255,000.00",1.54,4.63,0.51,0,0,0,2.57,3,9,1,0,0,0,5
E06000004,Stockton-on-Tees,"197,213","£146,000.00",1.01,5.07,0,3.55,0,0,0.51,2,10,0,7,0,0,1
E07000004,Aylesbury Vale,"199,448","£335,000.00",0.5,3.51,1,1.5,0,0,0,1,7,2,3,0,0,0
E06000031,Peterborough,"201,041","£187,500.00",0.5,3.48,0,2.49,0,0.5,3.98,1,7,0,5,0,1,8
E08000037,Gateshead,"202,508","£139,950.00",0.99,6.42,0,0.99,0.49,0,1.98,2,13,0,2,1,0,4
E08000022,North Tyneside,"205,985","£171,000.00",0,3.4,0,0.49,0,0,0.49,0,7,0,1,0,0,1
E06000007,Warrington,"209,547","£185,000.00",0.48,5.25,0.48,0.95,0,0,3.34,1,11,1,2,0,0,7
E06000014,York,"209,893","£241,000.00",2.38,5.72,0,0.95,0,0.95,2.38,5,12,0,2,0,2,5
E08000033,Calderdale,"210,082","£142,500.00",0.48,1.9,0,0.48,0,0,2.38,1,4,0,1,0,0,5
E06000024,North Somerset,"213,919","£250,000.00",0.47,7.01,0,2.8,0,0,1.87,1,15,0,6,0,0,4
N09000002,Armagh Banbridge and Craigavon,"214,090","£135,913.00",0.47,1.87,0.47,0.47,0,0,1.4,1,4,1,1,0,0,3
E06000032,Luton,"214,109","£250,000.00",0,1.87,0,1.87,0.47,0.47,1.4,0,4,0,4,1,1,3
E08000029,Solihull,"214,909","£275,000.00",1.86,6.98,0,0.93,0,0.47,3.72,4,15,0,2,0,1,8
E06000044,Portsmouth,"215,133","£213,500.00",0.46,6.04,0,0,0,0.46,2.79,1,13,0,0,0,1,6
E08000005,Rochdale,"220,001","£135,000.00",0,3.18,0,0.91,0,0,0.91,0,7,0,2,0,0,2
E06000030,Swindon,"221,996","£230,000.00",0.45,5.41,0,3.15,0,0,1.35,1,12,0,7,0,0,3
E07000154,Northampton,"225,146","£205,000.00",0.44,4,0.44,0.44,0.44,0,1.78,1,9,1,1,1,0,4
E08000008,Tameside,"225,197","£143,000.00",0,1.78,0,0.44,0,0,1.33,0,4,0,1,0,0,3
S12000033,Aberdeen City,"227,560","£193,726.00",1.32,5.71,0,0,0,0.88,3.52,3,13,0,0,0,2,8
S12000017,Highland,"235,540","£186,221.00",0.42,2.97,0,0,0,0,1.7,1,7,0,0,0,0,4
E08000004,Oldham,"235,623","£131,150.00",0,1.7,0,0,0,0,0,0,4,0,0,0,0,0
E08000009,Trafford,"236,370","£261,000.00",1.27,4.65,0,0,0,0.42,1.69,3,11,0,0,0,1,4
W06000016,Rhondda Cynon Taf,"240,131","£111,995.00",0,2.08,0,5,0,0,0.42,0,5,0,12,0,0,1
E08000016,Barnsley,"245,199","£131,000.00",0,1.22,0,2.85,0,0,0.82,0,3,0,7,0,0,2
W06000011,Swansea,"246,466","£145,000.00",0.41,5.68,0,0.41,0,0,2.03,1,14,0,1,0,0,5
E06000045,Southampton,"252,796","£213,651.00",0.4,4.75,0,0,0,0.4,1.19,1,12,0,0,0,1,3
E08000006,Salford,"254,408","£160,000.00",0.39,1.57,0,0,0,0,0,1,4,0,0,0,0,0
E06000021,Stoke-on-Trent,"255,833","£117,000.00",0.39,3.91,0.39,1.17,0,0,0.78,1,10,1,3,0,0,2
E06000015,Derby,"257,174","£159,950.00",0.39,4.28,0,1.56,0.39,0,0.39,1,11,0,4,1,0,1
E06000010,"Kingston upon Hull, City of","260,645","£115,000.00",1.15,3.07,0,2.3,0.38,0,1.53,3,8,0,6,1,0,4
S12000034,Aberdeenshire,"261,470","£215,928.00",0,0.76,0,1.15,0,0,0.38,0,2,0,3,0,0,1
E08000031,Wolverhampton,"262,008","£150,000.00",0.38,1.53,0,1.15,0,0,0.76,1,4,0,3,0,0,2
E06000026,Plymouth,"263,100","£176,000.00",0,2.28,0,0.38,0,0,0,0,6,0,1,0,0,0
E08000018,Rotherham,"264,671","£140,000.00",0,1.89,0,2.64,0,0,1.89,0,5,0,7,0,0,5
E06000042,Milton Keynes,"268,607","£285,000.00",0.74,7.07,0,0.74,0,0.37,2.61,2,19,0,2,0,1,7
E08000014,Sefton,"275,396","£170,000.00",1.09,3.63,0,2.18,0,0,0.36,3,10,0,6,0,0,1
E08000024,Sunderland,"277,417","£129,865.00",0.36,2.52,0.36,1.8,0,0,0.36,1,7,1,5,0,0,1
E06000035,Medway,"277,855","£245,000.00",0,3.96,0,1.8,0.36,0,1.08,0,11,0,5,1,0,3
E06000025,South Gloucestershire,"282,644","£270,000.00",0.35,5.31,0.35,2.12,0,0.35,1.42,1,15,1,6,0,1,4
E08000030,Walsall,"283,378","£159,000.00",0,1.76,0,0.35,0,0,0.71,0,5,0,1,0,0,2
E06000056,Central Bedfordshire,"283,606","£315,000.00",0.35,3.53,0,2.12,0,0,1.41,1,10,0,6,0,0,4
E08000001,Bolton,"285,372","£135,000.00",0.35,2.8,0,0,0,0,1.4,1,8,0,0,0,0,4
E06000043,Brighton and Hove,"290,395","£357,500.00",1.72,2.75,0,0,0,0,0.34,5,8,0,0,0,0,1
E08000007,Stockport,"291,775","£225,475.00",0.34,2.06,0,0.69,0,0,0.69,1,6,0,2,0,0,2
E08000021,Newcastle upon Tyne,"300,196","£162,000.00",1.67,4,0,2,0,0,1.67,5,12,0,6,0,0,5
E08000017,Doncaster,"310,542","£130,000.00",0.32,2.9,0.32,3.54,0,0,0.64,1,9,1,11,0,0,2
S12000029,South Lanarkshire,"319,020","£160,517.00",0,3.13,0,5.64,0.31,0,1.25,0,10,0,18,1,0,4
E06000057,Northumberland,"320,274","£168,995.00",0.62,3.12,0,4.06,0.31,0,0.94,2,10,0,13,1,0,3
E06000051,Shropshire,"320,274","£215,000.00",0.31,4.37,0,3.43,0,0,3.12,1,14,0,11,0,0,10
E08000027,Dudley,"320,626","£165,000.00",0.31,3.43,0,0.94,0.31,0,0.62,1,11,0,3,1,0,2
E08000015,Wirral,"323,235","£165,000.00",0.31,1.86,0,0,0,0,0.93,1,6,0,0,0,0,3
E08000010,Wigan,"326,088","£140,000.00",0.31,2.15,0,0.31,0.31,0,0.61,1,7,0,1,1,0,2
E08000028,Sandwell,"327,378","£150,000.00",0,2.14,0,0,0,0,0.61,0,7,0,0,0,0,2
E06000018,Nottingham,"331,069","£139,950.00",2.11,3.93,0,0.6,0,0.3,1.21,7,13,0,2,0,1,4
E06000011,East Riding of Yorkshire,"339,614","£180,000.00",0.59,2.94,0,1.77,0,0,0.59,2,10,0,6,0,0,2
S12000044,North Lanarkshire,"340,180","£138,442.00",0,2.06,0,4.41,0,0,0,0,7,0,15,0,0,0
E06000050,Cheshire West and Chester,"340,502","£195,000.00",0.88,6.17,0,2.35,0.29,0.29,2.06,3,21,0,8,1,1,7
N09000003,Belfast,"341,877","£155,994.00",2.63,2.63,0,0,0,0,2.63,9,9,0,0,0,0,9
E08000036,Wakefield,"345,038","£154,000.00",0.58,2.9,0.29,2.32,0,0,2.03,2,10,1,8,0,0,7
E06000016,Leicester,"355,218","£173,000.00",0.84,2.25,0.28,0.56,0,0,0.84,3,8,1,2,0,0,3
W06000015,Cardiff,"364,248","£200,000.00",1.1,3.29,0,0.27,0,0,3.29,4,12,0,1,0,0,12
E08000026,Coventry,"366,785","£180,000.00",0.27,3,0.27,0.55,0,0.27,1.91,1,11,1,2,0,1,7
S12000015,Fife,"371,910","£164,638.00",0.27,2.69,0,4.84,0,0.27,0.81,1,10,0,18,0,1,3
E06000049,Cheshire East,"380,790","£235,000.00",1.05,5.78,0,3.15,0,0,1.05,4,22,0,12,0,0,4
E07000048,Christchurch,"381,500","£352,000.00",0.26,0.79,0,0.26,0,0,0,1,3,0,1,0,0,0
E08000034,Kirklees,"438,727","£153,000.00",0.46,1.82,0,0.23,0,0,1.14,2,8,0,1,0,0,5
E06000023,"Bristol, City of","463,405","£266,500.00",0.22,1.29,0,0.43,0,0,1.08,1,6,0,2,0,0,5
E08000012,Liverpool,"494,814","£125,000.00",0.61,3.23,0.2,0.2,0,0,2.83,3,16,1,1,0,0,14
E06000054,Wiltshire,"498,064","£272,000.00",0.8,3.81,0,3.81,0,0.2,1.61,4,19,0,19,0,1,8
S12000036,City of Edinburgh,"518,500","£273,753.00",1.93,3.66,0,1.35,0,0.19,2.7,10,19,0,7,0,1,14
E06000047,County Durham,"526,980","£118,000.00",0.19,2.47,0.19,4.17,0,0,1.14,1,13,1,22,0,0,6
E08000032,Bradford,"537,173","£136,850.00",0.37,1.86,0.19,0.93,0,0,0.56,2,10,1,5,0,0,3
E08000003,Manchester,"547,627","£175,000.00",2.19,2.37,0.18,0,0,0,1.64,12,13,1,0,0,0,9
E06000052,Cornwall,"565,968","£225,000.00",0,1.59,0,0.18,0,0,0,0,9,0,1,0,0,0
E08000019,Sheffield,"582,506","£160,000.00",0.86,5.49,0,0.17,0,0.17,1.55,5,32,0,1,0,1,9
S12000046,Glasgow City,"626,410","£164,503.00",0.96,2.08,0,0.64,0,0.16,2.23,6,13,0,4,0,1,14
E08000035,Leeds,"789,194","£177,500.00",0.89,2.28,0,0.63,0,0,2.28,7,18,0,5,0,0,18
E08000025,Birmingham,"1,141,374","£178,000.00",0.61,2.28,0,0.53,0,0,0.96,7,26,0,6,0,0,11
E09000002,Barking and Dagenham,212906,"£327,000",0,0.47,0,0,0,0,0.47,0,1,0,0,0,0,1
E09000003,Barnet,395869,"£532,000",0.51,2.02,0,0,0,0,0.51,2,8,0,0,0,0,2
E09000004,Bexley,248287,"£332,000",0.4,3.22,0,0,0,0,0.81,1,8,0,0,0,0,2
E09000005,Brent,329771,"£447,000",0.3,0.91,0,0,0,0,0.91,1,3,0,0,0,0,3
E09000006,Bromley,332336,"£430,000",0.9,4.21,0,0,0,0.3,1.2,3,14,0,0,0,1,4
E09000007,Camden,270029,"£881,000",0.74,0,0,0,0,0,0.37,2,0,0,0,0,0,1
E09000008,Croydon,386710,"£358,000",0.78,2.33,0,0,0,0,0.26,3,9,0,0,0,0,1
E09000009,Ealing,341806,"£454,000",0,1.17,0,0,0,0,0,0,4,0,0,0,0,0
E09000010,Enfield,333794,"£386,000",0.3,3,0,0,0,0,0.9,1,10,0,0,0,0,3
E09000011,Greenwich,287942,"£416,000",0,0.35,0,0,0,0,0.35,0,1,0,0,0,0,1
E09000012,Hackney,281120,"£638,000",0,0.36,0,0,0,0,0.36,0,1,0,0,0,0,1
E09000013,Hammersmith and Fulham,185143,"£747,000",0,0.54,0,0,0,0,0,0,1,0,0,0,0,0
E09000014,Haringey,268647,"£565,000",0,0,0,0,0,0,0,0,0,0,0,0,0,0
E09000015,Harrow,251160,"£455,000",0.4,3.19,0,0,0,0,0.4,1,8,0,0,0,0,1
E09000016,Havering,259552,"£353,000",0.39,5.78,0,0.39,0.39,0,1.16,1,15,0,1,1,0,3
E09000017,Hillingdon,306870,"£418,000",2.61,5.54,0,0,0,0.33,2.61,8,17,0,0,0,1,8
E09000018,Hounslow,271523,"£423,000",0,1.47,0,0,0,0,0.74,0,4,0,0,0,0,2
E09000019,Islington,242467,"£632,000",0,0,0,0,0,0,0.41,0,0,0,0,0,0,1
E09000020,Kensington and Chelsea,156129,"£1,369,000",0,0,0,0,0,0,1.28,0,0,0,0,0,0,2
E09000021,Kingston upon Thames,177507,"£506,000",1.69,1.13,0,0,0,0,0.56,3,2,0,0,0,0,1
E09000022,Lambeth,326034,"£525,000",0,0.61,0,0,0,0,0.31,0,2,0,0,0,0,1
E09000023,Lewisham,305842,"£424,000",0,0,0,0,0,0,0,0,0,0,0,0,0,0
E09000024,Merton,206548,"£509,000",0.48,0.48,0,0,0,0,0.48,1,1,0,0,0,0,1
E09000025,Newham,353134,"£387,000",0.28,0.28,0,0,0,0,0.57,1,1,0,0,0,0,2
E09000026,Redbridge,305222,"£418,000",0,1.97,0,0.33,0,0,0.33,0,6,0,1,0,0,1
E09000027,Richmond upon Thames,198019,"£633,000",0.51,1.52,0.51,0,0,0,1.01,1,3,1,0,0,0,2
E09000028,Southwark,318830,"£489,000",0,0,0,0,0,0,0.94,0,0,0,0,0,0,3
E09000029,Sutton,206349,"£377,000",0.48,0,0.48,0,0,0,1.45,1,0,1,0,0,0,3
E09000030,Tower Hamlets,324745,"£473,000",0,0.31,0,0,0,0,0.31,0,1,0,0,0,0,1
E09000031,Waltham Forest,276983,"£437,000",0,0.72,0,0,0,0,0,0,2,0,0,0,0,0
E09000032,Wandsworth,329677,"£624,000",0,0,0.3,0,0,0,0,0,0,1,0,0,0,0
E09000033,Westminster,261317,"£1,085,000",0,0.77,0,0,0,0,0.77,0,2,0,0,0,0,2
